{
    "accuracy": 0.9000908265213442,
    "precision": 0.7211538461538461,
    "recall": 0.4807692307692308
}
